{"cameraMode":{"drawMode":0,"name":"Shaded","section":"Shading Mode"},"sceneLighting":false,"audioPlay":false,"sceneViewState":{"m_AlwaysRefresh":false,"showFog":true,"showSkybox":false,"showFlares":true,"showImageEffects":true,"showParticleSystems":true,"showVisualEffectGraphs":true,"m_FxEnabled":true},"in2DMode":false,"pivot":{"x":21.110000610351564,"y":19.690000534057618,"z":-29.08500099182129},"rotation":{"x":0.07067494094371796,"y":-0.04637148976325989,"z":0.0032899866346269848,"w":0.9964285492897034},"size":19.19701385498047,"orthographic":false}