{"cameraMode":{"drawMode":0,"name":"Shaded","section":"Shading Mode"},"sceneLighting":false,"audioPlay":false,"sceneViewState":{"m_AlwaysRefresh":false,"showFog":true,"showSkybox":false,"showFlares":true,"showImageEffects":true,"showParticleSystems":true,"showVisualEffectGraphs":true,"m_FxEnabled":true},"in2DMode":false,"pivot":{"x":0.4490013122558594,"y":-0.1603749394416809,"z":1.2789993286132813},"rotation":{"x":0.014013496227562428,"y":0.8532665371894836,"z":0.023077547550201417,"w":-0.5208793878555298},"size":0.9090701937675476,"orthographic":true}