{"cameraMode":{"drawMode":0,"name":"Shaded","section":"Shading Mode"},"sceneLighting":false,"audioPlay":false,"sceneViewState":{"m_AlwaysRefresh":false,"showFog":true,"showSkybox":false,"showFlares":true,"showImageEffects":true,"showParticleSystems":true,"showVisualEffectGraphs":true,"m_FxEnabled":true},"in2DMode":false,"pivot":{"x":-0.18293292820453645,"y":-0.0694764107465744,"z":0.7912627458572388},"rotation":{"x":0.3054089844226837,"y":0.04996158555150032,"z":-0.016031857579946519,"w":0.9507729411125183},"size":0.7724243998527527,"orthographic":false}