{"cameraMode":{"drawMode":0,"name":"Shaded","section":"Shading Mode"},"sceneLighting":false,"audioPlay":false,"sceneViewState":{"m_AlwaysRefresh":false,"showFog":true,"showSkybox":false,"showFlares":true,"showImageEffects":true,"showParticleSystems":true,"showVisualEffectGraphs":true,"m_FxEnabled":true},"in2DMode":false,"pivot":{"x":0.5121512413024902,"y":-0.057480864226818088,"z":0.9220198392868042},"rotation":{"x":0.05462821573019028,"y":-0.8129323124885559,"z":0.07731514424085617,"w":0.5746046304702759},"size":1.3724243640899659,"orthographic":false}