{"cameraMode":{"drawMode":0,"name":"Shaded","section":"Shading Mode"},"sceneLighting":false,"audioPlay":false,"sceneViewState":{"m_AlwaysRefresh":false,"showFog":true,"showSkybox":false,"showFlares":true,"showImageEffects":true,"showParticleSystems":true,"showVisualEffectGraphs":true,"m_FxEnabled":true},"in2DMode":false,"pivot":{"x":-0.04954609274864197,"y":-1.4801427125930787,"z":1.4869638681411744},"rotation":{"x":0.3705226182937622,"y":-0.0861952155828476,"z":0.034576062113046649,"w":0.9241580963134766},"size":1.3724243640899659,"orthographic":false}