{"cameraMode":{"drawMode":0,"name":"Shaded","section":"Shading Mode"},"sceneLighting":true,"audioPlay":false,"sceneViewState":{"m_AlwaysRefresh":false,"showFog":true,"showSkybox":true,"showFlares":true,"showImageEffects":true,"showParticleSystems":true,"showVisualEffectGraphs":true,"m_FxEnabled":true},"in2DMode":false,"pivot":{"x":55.40469741821289,"y":4.265673637390137,"z":6.526412010192871},"rotation":{"x":-0.022504311054944993,"y":0.16214779019355775,"z":-0.0037093248683959247,"w":-0.9865084886550903},"size":0.8660253882408142,"orthographic":false}