{"cameraMode":{"drawMode":0,"name":"Shaded","section":"Shading Mode"},"sceneLighting":true,"audioPlay":false,"sceneViewState":{"m_AlwaysRefresh":false,"showFog":true,"showSkybox":true,"showFlares":true,"showImageEffects":true,"showParticleSystems":true,"showVisualEffectGraphs":true,"m_FxEnabled":true},"in2DMode":false,"pivot":{"x":21.110000610351564,"y":9.100000381469727,"z":-29.399999618530275},"rotation":{"x":0.10331147909164429,"y":-0.04545409232378006,"z":0.004728539846837521,"w":0.993609607219696},"size":3.866024971008301,"orthographic":false}