{"cameraMode":{"drawMode":0,"name":"Shaded","section":"Shading Mode"},"sceneLighting":false,"audioPlay":false,"sceneViewState":{"m_AlwaysRefresh":false,"showFog":true,"showSkybox":false,"showFlares":true,"showImageEffects":true,"showParticleSystems":true,"showVisualEffectGraphs":true,"m_FxEnabled":true},"in2DMode":false,"pivot":{"x":-0.023739904165267946,"y":0.01660541072487831,"z":-0.058267444372177127},"rotation":{"x":-0.015872083604335786,"y":-0.9250158667564392,"z":0.03887328505516052,"w":-0.37764033675193789},"size":1.8470921516418458,"orthographic":false}