{"cameraMode":{"drawMode":0,"name":"Shaded","section":"Shading Mode"},"sceneLighting":false,"audioPlay":false,"sceneViewState":{"m_AlwaysRefresh":false,"showFog":true,"showSkybox":false,"showFlares":true,"showImageEffects":true,"showParticleSystems":true,"showVisualEffectGraphs":true,"m_FxEnabled":true},"in2DMode":false,"pivot":{"x":0.020758531987667085,"y":0.024751830846071245,"z":-0.1116529032588005},"rotation":{"x":0.09502985328435898,"y":-0.6512594819068909,"z":0.08270134031772614,"w":0.7483580112457275},"size":0.6450177431106567,"orthographic":false}