{"cameraMode":{"drawMode":0,"name":"Shaded","section":"Shading Mode"},"sceneLighting":true,"audioPlay":false,"sceneViewState":{"m_AlwaysRefresh":false,"showFog":true,"showSkybox":true,"showFlares":true,"showImageEffects":true,"showParticleSystems":true,"showVisualEffectGraphs":true,"m_FxEnabled":true},"in2DMode":false,"pivot":{"x":37.690555572509769,"y":0.056657176464796069,"z":0.9519612789154053},"rotation":{"x":0.0003321177209727466,"y":0.014501404017210007,"z":0.0011384253157302738,"w":1.0006145238876343},"size":0.16766142845153809,"orthographic":false}