{"cameraMode":{"drawMode":0,"name":"Shaded","section":"Shading Mode"},"sceneLighting":true,"audioPlay":false,"sceneViewState":{"m_AlwaysRefresh":false,"showFog":true,"showSkybox":true,"showFlares":true,"showImageEffects":true,"showParticleSystems":true,"showVisualEffectGraphs":true,"m_FxEnabled":true},"in2DMode":false,"pivot":{"x":623.6522827148438,"y":75.02371215820313,"z":812.2086181640625},"rotation":{"x":0.07067494094371796,"y":-0.04637148976325989,"z":0.0032899866346269848,"w":0.9964285492897034},"size":1081.599853515625,"orthographic":false}