{"cameraMode":{"drawMode":0,"name":"Shaded","section":"Shading Mode"},"sceneLighting":true,"audioPlay":false,"sceneViewState":{"m_AlwaysRefresh":false,"showFog":true,"showSkybox":true,"showFlares":true,"showImageEffects":true,"showParticleSystems":true,"showVisualEffectGraphs":true,"m_FxEnabled":true},"in2DMode":false,"pivot":{"x":36.12029266357422,"y":30.96209716796875,"z":-28.015634536743165},"rotation":{"x":-0.00020284831407479942,"y":0.9997044801712036,"z":-0.009306827560067177,"w":-0.022195754572749139},"size":10.111893653869629,"orthographic":false}