{"cameraMode":{"drawMode":0,"name":"Shaded","section":"Shading Mode"},"sceneLighting":true,"audioPlay":false,"sceneViewState":{"m_AlwaysRefresh":false,"showFog":true,"showSkybox":true,"showFlares":true,"showImageEffects":true,"showParticleSystems":true,"showVisualEffectGraphs":true,"m_FxEnabled":true},"in2DMode":false,"pivot":{"x":443.45025634765627,"y":293.1529235839844,"z":-104.2829360961914},"rotation":{"x":-0.016188548877835275,"y":-0.012004004791378975,"z":-0.00019448358216322958,"w":0.9998125433921814},"size":222.2760467529297,"orthographic":false}