{"cameraMode":{"drawMode":0,"name":"Shaded","section":"Shading Mode"},"sceneLighting":true,"audioPlay":false,"sceneViewState":{"m_AlwaysRefresh":false,"showFog":true,"showSkybox":true,"showFlares":true,"showImageEffects":true,"showParticleSystems":true,"showVisualEffectGraphs":true,"m_FxEnabled":true},"in2DMode":false,"pivot":{"x":117.57258605957031,"y":42.73134994506836,"z":-22.537521362304689},"rotation":{"x":-0.035948995500802997,"y":-0.4576895534992218,"z":0.01861731894314289,"w":-0.8881676197052002},"size":81.08460998535156,"orthographic":false}