{"cameraMode":{"drawMode":0,"name":"Shaded","section":"Shading Mode"},"sceneLighting":false,"audioPlay":false,"sceneViewState":{"m_AlwaysRefresh":false,"showFog":true,"showSkybox":false,"showFlares":true,"showImageEffects":true,"showParticleSystems":true,"showVisualEffectGraphs":true,"m_FxEnabled":true},"in2DMode":false,"pivot":{"x":-54.10979461669922,"y":-2.2028393745422365,"z":-10.179248809814454},"rotation":{"x":-0.06662818044424057,"y":0.48856624960899355,"z":-0.037426505237817767,"w":-0.8691009879112244},"size":1.4054319858551026,"orthographic":true}