{"cameraMode":{"drawMode":0,"name":"Shaded","section":"Shading Mode"},"sceneLighting":false,"audioPlay":false,"sceneViewState":{"m_AlwaysRefresh":false,"showFog":true,"showSkybox":false,"showFlares":true,"showImageEffects":true,"showParticleSystems":true,"showVisualEffectGraphs":true,"m_FxEnabled":true},"in2DMode":false,"pivot":{"x":859.669189453125,"y":188.30239868164063,"z":107.21710205078125},"rotation":{"x":0.07067494094371796,"y":-0.04637148976325989,"z":0.0032899866346269848,"w":0.9964285492897034},"size":1030.414794921875,"orthographic":false}