{"cameraMode":{"drawMode":0,"name":"Shaded","section":"Shading Mode"},"sceneLighting":false,"audioPlay":false,"sceneViewState":{"m_AlwaysRefresh":false,"showFog":true,"showSkybox":false,"showFlares":true,"showImageEffects":true,"showParticleSystems":true,"showVisualEffectGraphs":true,"m_FxEnabled":true},"in2DMode":false,"pivot":{"x":-0.2434651404619217,"y":0.06253249943256378,"z":0.07530273497104645},"rotation":{"x":-0.021995186805725099,"y":0.9779829978942871,"z":-0.1421206295490265,"w":-0.15138064324855805},"size":0.14699465036392213,"orthographic":false}