{"cameraMode":{"drawMode":0,"name":"Shaded","section":"Shading Mode"},"sceneLighting":false,"audioPlay":false,"sceneViewState":{"m_AlwaysRefresh":false,"showFog":true,"showSkybox":false,"showFlares":true,"showImageEffects":true,"showParticleSystems":true,"showVisualEffectGraphs":true,"m_FxEnabled":true},"in2DMode":false,"pivot":{"x":-54.11000061035156,"y":-2.1480000019073488,"z":-10.180000305175782},"rotation":{"x":-0.04057162255048752,"y":-0.10561986267566681,"z":0.0042999074794352058,"w":-0.9935765862464905},"size":0.8660253882408142,"orthographic":false}