{"cameraMode":{"drawMode":0,"name":"Shaded","section":"Shading Mode"},"sceneLighting":false,"audioPlay":false,"sceneViewState":{"m_AlwaysRefresh":false,"showFog":true,"showSkybox":false,"showFlares":true,"showImageEffects":true,"showParticleSystems":true,"showVisualEffectGraphs":true,"m_FxEnabled":true},"in2DMode":false,"pivot":{"x":0.8041540384292603,"y":1.5608043670654297,"z":0.6147029995918274},"rotation":{"x":-0.1079445406794548,"y":0.7889578342437744,"z":-0.14505687355995179,"w":-0.5872777104377747},"size":0.9975537657737732,"orthographic":false}