{"cameraMode":{"drawMode":0,"name":"Shaded","section":"Shading Mode"},"sceneLighting":false,"audioPlay":false,"sceneViewState":{"m_AlwaysRefresh":false,"showFog":true,"showSkybox":false,"showFlares":true,"showImageEffects":true,"showParticleSystems":true,"showVisualEffectGraphs":true,"m_FxEnabled":true},"in2DMode":false,"pivot":{"x":932.6511840820313,"y":538.426025390625,"z":-5.340000152587891},"rotation":{"x":-0.04078718647360802,"y":-0.023382101207971574,"z":0.0009547399822622538,"w":-0.9988901019096375},"size":1126.1387939453125,"orthographic":false}