{"cameraMode":{"drawMode":0,"name":"Shaded","section":"Shading Mode"},"sceneLighting":false,"audioPlay":false,"sceneViewState":{"m_AlwaysRefresh":false,"showFog":true,"showSkybox":false,"showFlares":true,"showImageEffects":true,"showParticleSystems":true,"showVisualEffectGraphs":true,"m_FxEnabled":true},"in2DMode":false,"pivot":{"x":0.3537124693393707,"y":-0.06956050544977188,"z":0.7674319744110107},"rotation":{"x":-0.0674266666173935,"y":0.023068424314260484,"z":-0.0015336045762524009,"w":-0.9973906874656677},"size":0.34618550539016726,"orthographic":true}