{"cameraMode":{"drawMode":0,"name":"Shaded","section":"Shading Mode"},"sceneLighting":false,"audioPlay":false,"sceneViewState":{"m_AlwaysRefresh":false,"showFog":true,"showSkybox":false,"showFlares":true,"showImageEffects":true,"showParticleSystems":true,"showVisualEffectGraphs":true,"m_FxEnabled":true},"in2DMode":false,"pivot":{"x":0.02286088466644287,"y":-1.1551485061645508,"z":0.9028383493423462},"rotation":{"x":-0.37422189116477969,"y":-0.6244218945503235,"z":0.45816585421562197,"w":-0.5100595951080322},"size":1.319876790046692,"orthographic":true}