{"cameraMode":{"drawMode":0,"name":"Shaded","section":"Shading Mode"},"sceneLighting":false,"audioPlay":false,"sceneViewState":{"m_AlwaysRefresh":false,"showFog":true,"showSkybox":false,"showFlares":true,"showImageEffects":true,"showParticleSystems":true,"showVisualEffectGraphs":true,"m_FxEnabled":true},"in2DMode":false,"pivot":{"x":0.3379577696323395,"y":-0.5141549706459045,"z":0.2256178855895996},"rotation":{"x":-0.10180883854627609,"y":0.6901946663856506,"z":-0.09900487214326859,"w":-0.7094727754592896},"size":1.804213285446167,"orthographic":true}