{"cameraMode":{"drawMode":0,"name":"Shaded","section":"Shading Mode"},"sceneLighting":false,"audioPlay":false,"sceneViewState":{"m_AlwaysRefresh":false,"showFog":true,"showSkybox":false,"showFlares":true,"showImageEffects":true,"showParticleSystems":true,"showVisualEffectGraphs":true,"m_FxEnabled":false},"in2DMode":false,"pivot":{"x":0.06528949737548828,"y":-0.1462688446044922,"z":0.5618257522583008},"rotation":{"x":0.28267598152160647,"y":0.013014662079513073,"z":-0.004043362569063902,"w":0.9591158628463745},"size":12.12435531616211,"orthographic":false}